<?xml version="1.0"?>
<opencv_storage>
<!-- Automatically converted from ./contract_palm4/haarcascade, window size = 20x20 -->
<CP04_3 type_id="opencv-haar-classifier">
  <size>
    20 20</size>
  <stages>
    <_>
      <!-- stage 0 -->
      <trees>
        <_>
          <!-- tree 0 -->
          <_>
            <!-- root node -->
            <feature>
              <rects>
                <_>
                  14 0 6 16 -1.</_>
                <_>
                  17 0 3 16 2.</_></rects>
              <tilted>0</tilted></feature>
            <threshold>3.8681671023368835e-002</threshold>
            <left_val>-9.8028910160064697e-001</left_val>
            <right_node>1</right_node></_>
          <_>
            <!-- node 1 -->
            <feature>
              <rects>
                <_>
                  6 4 7 8 -1.</_>
                <_>
                  6 8 7 4 2.</_></rects>
              <tilted>0</tilted></feature>
            <threshold>-2.6647120714187622e-002</threshold>
            <left_val>-1.</left_val>
            <right_val>9.4076812267303467e-001</right_val></_></_>
        <_>
          <!-- tree 1 -->
          <_>
            <!-- root node -->
            <feature>
              <rects>
                <_>
                  12 0 8 17 -1.</_>
                <_>
                  16 0 4 17 2.</_></rects>
              <tilted>0</tilted></feature>
            <threshold>6.1131078749895096e-002</threshold>
            <left_val>-9.0244722366333008e-001</left_val>
            <right_node>1</right_node></_>
          <_>
            <!-- node 1 -->
            <feature>
              <rects>
                <_>
                  7 6 9 5 -1.</_>
                <_>
                  10 9 3 5 3.</_></rects>
              <tilted>1</tilted></feature>
            <threshold>-3.3309649676084518e-002</threshold>
            <left_val>-5.8893251419067383e-001</left_val>
            <right_val>9.1832017898559570e-001</right_val></_></_>
        <_>
          <!-- tree 2 -->
          <_>
            <!-- root node -->
            <feature>
              <rects>
                <_>
                  1 0 18 4 -1.</_>
                <_>
                  7 0 6 4 3.</_></rects>
              <tilted>0</tilted></feature>
            <threshold>-5.0153050571680069e-002</threshold>
            <left_val>7.9939717054367065e-001</left_val>
            <right_node>1</right_node></_>
          <_>
            <!-- node 1 -->
            <feature>
              <rects>
                <_>
                  6 6 6 3 -1.</_>
                <_>
                  8 6 2 3 3.</_></rects>
              <tilted>0</tilted></feature>
            <threshold>-1.8358040601015091e-002</threshold>
            <left_val>8.4302067756652832e-001</left_val>
            <right_val>-9.3710541725158691e-001</right_val></_></_>
        <_>
          <!-- tree 3 -->
          <_>
            <!-- root node -->
            <feature>
              <rects>
                <_>
                  0 3 6 8 -1.</_>
                <_>
                  3 3 3 8 2.</_></rects>
              <tilted>0</tilted></feature>
            <threshold>-3.6677200347185135e-002</threshold>
            <left_val>8.2961827516555786e-001</left_val>
            <right_node>1</right_node></_>
          <_>
            <!-- node 1 -->
            <feature>
              <rects>
                <_>
                  11 3 6 14 -1.</_>
                <_>
                  11 3 3 7 2.</_>
                <_>
                  14 10 3 7 2.</_></rects>
              <tilted>0</tilted></feature>
            <threshold>-4.3658491224050522e-002</threshold>
            <left_val>8.0457127094268799e-001</left_val>
            <right_val>-8.9302337169647217e-001</right_val></_></_>
        <_>
          <!-- tree 4 -->
          <_>
            <!-- root node -->
            <feature>
              <rects>
                <_>
                  16 3 4 16 -1.</_>
                <_>
                  18 3 2 16 2.</_></rects>
              <tilted>0</tilted></feature>
            <threshold>2.5138080120086670e-002</threshold>
            <left_node>1</left_node>
            <right_val>7.4585878849029541e-001</right_val></_>
          <_>
            <!-- node 1 -->
            <feature>
              <rects>
                <_>
                  0 1 9 6 -1.</_>
                <_>
                  3 3 3 2 9.</_></rects>
              <tilted>0</tilted></feature>
            <threshold>-6.6900141537189484e-002</threshold>
            <left_val>8.4059208631515503e-001</left_val>
            <right_val>-8.8331997394561768e-001</right_val></_></_>
        <_>
          <!-- tree 5 -->
          <_>
            <!-- root node -->
            <feature>
              <rects>
                <_>
                  10 9 3 3 -1.</_>
                <_>
                  11 9 1 3 3.</_></rects>
              <tilted>0</tilted></feature>
            <threshold>1.7255060374736786e-003</threshold>
            <left_node>1</left_node>
            <right_val>7.7119922637939453e-001</right_val></_>
          <_>
            <!-- node 1 -->
            <feature>
              <rects>
                <_>
                  12 1 4 4 -1.</_>
                <_>
                  14 1 2 4 2.</_></rects>
              <tilted>0</tilted></feature>
            <threshold>8.4419725462794304e-003</threshold>
            <left_val>-8.4468692541122437e-001</left_val>
            <right_val>7.2725939750671387e-001</right_val></_></_>
        <_>
          <!-- tree 6 -->
          <_>
            <!-- root node -->
            <feature>
              <rects>
                <_>
                  13 7 6 6 -1.</_>
                <_>
                  16 7 3 6 2.</_></rects>
              <tilted>0</tilted></feature>
            <threshold>3.2117430120706558e-002</threshold>
            <left_node>1</left_node>
            <right_val>6.4971947669982910e-001</right_val></_>
          <_>
            <!-- node 1 -->
            <feature>
              <rects>
                <_>
                  13 5 4 14 -1.</_>
                <_>
                  13 5 2 7 2.</_>
                <_>
                  15 12 2 7 2.</_></rects>
              <tilted>0</tilted></feature>
            <threshold>2.6627309620380402e-002</threshold>
            <left_val>-8.6625558137893677e-001</left_val>
            <right_val>8.9164018630981445e-001</right_val></_></_></trees>
      <stage_threshold>4.6676799654960632e-001</stage_threshold>
      <parent>-1</parent>
      <next>-1</next></_>
    <_>
      <!-- stage 1 -->
      <trees>
        <_>
          <!-- tree 0 -->
          <_>
            <!-- root node -->
            <feature>
              <rects>
                <_>
                  1 2 4 11 -1.</_>
                <_>
                  3 2 2 11 2.</_></rects>
              <tilted>0</tilted></feature>
            <threshold>-2.6734400540590286e-002</threshold>
            <left_node>1</left_node>
            <right_val>-6.5627342462539673e-001</right_val></_>
          <_>
            <!-- node 1 -->
            <feature>
              <rects>
                <_>
                  14 0 6 19 -1.</_>
                <_>
                  17 0 3 19 2.</_></rects>
              <tilted>0</tilted></feature>
            <threshold>7.8886173665523529e-002</threshold>
            <left_val>-6.7220860719680786e-001</left_val>
            <right_val>8.6547261476516724e-001</right_val></_></_>
        <_>
          <!-- tree 1 -->
          <_>
            <!-- root node -->
            <feature>
              <rects>
                <_>
                  0 3 2 12 -1.</_>
                <_>
                  1 3 1 12 2.</_></rects>
              <tilted>0</tilted></feature>
            <threshold>-2.2544919047504663e-003</threshold>
            <left_node>1</left_node>
            <right_val>-5.3239947557449341e-001</right_val></_>
          <_>
            <!-- node 1 -->
            <feature>
              <rects>
                <_>
                  2 9 10 10 -1.</_>
                <_>
                  7 9 5 10 2.</_></rects>
              <tilted>0</tilted></feature>
            <threshold>-4.5755971223115921e-002</threshold>
            <left_val>-9.6904259920120239e-001</left_val>
            <right_val>7.0433187484741211e-001</right_val></_></_>
        <_>
          <!-- tree 2 -->
          <_>
            <!-- root node -->
            <feature>
              <rects>
                <_>
                  7 6 3 5 -1.</_>
                <_>
                  8 6 1 5 3.</_></rects>
              <tilted>0</tilted></feature>
            <threshold>5.2909408695995808e-003</threshold>
            <left_node>1</left_node>
            <right_val>6.8145847320556641e-001</right_val></_>
          <_>
            <!-- node 1 -->
            <feature>
              <rects>
                <_>
                  7 0 4 12 -1.</_>
                <_>
                  8 0 2 12 2.</_></rects>
              <tilted>0</tilted></feature>
            <threshold>-1.3724939897656441e-002</threshold>
            <left_val>6.2345337867736816e-001</left_val>
            <right_val>-6.6262710094451904e-001</right_val></_></_>
        <_>
          <!-- tree 3 -->
          <_>
            <!-- root node -->
            <feature>
              <rects>
                <_>
                  12 4 8 10 -1.</_>
                <_>
                  16 4 4 10 2.</_></rects>
              <tilted>0</tilted></feature>
            <threshold>1.1801239848136902e-001</threshold>
            <left_node>1</left_node>
            <right_val>5.4585951566696167e-001</right_val></_>
          <_>
            <!-- node 1 -->
            <feature>
              <rects>
                <_>
                  10 6 4 12 -1.</_>
                <_>
                  10 6 2 6 2.</_>
                <_>
                  12 12 2 6 2.</_></rects>
              <tilted>0</tilted></feature>
            <threshold>-3.9759848266839981e-002</threshold>
            <left_val>7.7439647912979126e-001</left_val>
            <right_val>-6.9461721181869507e-001</right_val></_></_>
        <_>
          <!-- tree 4 -->
          <_>
            <!-- root node -->
            <feature>
              <rects>
                <_>
                  5 6 5 14 -1.</_>
                <_>
                  5 13 5 7 2.</_></rects>
              <tilted>0</tilted></feature>
            <threshold>1.7409030115231872e-003</threshold>
            <left_val>-8.0978208780288696e-001</left_val>
            <right_node>1</right_node></_>
          <_>
            <!-- node 1 -->
            <feature>
              <rects>
                <_>
                  6 6 12 14 -1.</_>
                <_>
                  6 13 12 7 2.</_></rects>
              <tilted>0</tilted></feature>
            <threshold>1.6339950263500214e-001</threshold>
            <left_val>4.9990290403366089e-001</left_val>
            <right_val>-9.4595247507095337e-001</right_val></_></_>
        <_>
          <!-- tree 5 -->
          <_>
            <!-- root node -->
            <feature>
              <rects>
                <_>
                  6 0 4 1 -1.</_>
                <_>
                  6 0 2 1 2.</_></rects>
              <tilted>1</tilted></feature>
            <threshold>7.5461310334503651e-003</threshold>
            <left_node>1</left_node>
            <right_val>6.3170629739761353e-001</right_val></_>
          <_>
            <!-- node 1 -->
            <feature>
              <rects>
                <_>
                  5 3 4 10 -1.</_>
                <_>
                  5 3 2 5 2.</_>
                <_>
                  7 8 2 5 2.</_></rects>
              <tilted>0</tilted></feature>
            <threshold>-2.2127110511064529e-002</threshold>
            <left_val>6.1635309457778931e-001</left_val>
            <right_val>-6.7650932073593140e-001</right_val></_></_>
        <_>
          <!-- tree 6 -->
          <_>
            <!-- root node -->
            <feature>
              <rects>
                <_>
                  10 8 4 4 -1.</_>
                <_>
                  11 8 2 4 2.</_></rects>
              <tilted>0</tilted></feature>
            <threshold>7.2129550389945507e-003</threshold>
            <left_node>1</left_node>
            <right_val>6.0694038867950439e-001</right_val></_>
          <_>
            <!-- node 1 -->
            <feature>
              <rects>
                <_>
                  9 7 3 4 -1.</_>
                <_>
                  10 7 1 4 3.</_></rects>
              <tilted>0</tilted></feature>
            <threshold>5.9658549726009369e-003</threshold>
            <left_val>-7.1250128746032715e-001</left_val>
            <right_val>5.0982707738876343e-001</right_val></_></_>
        <_>
          <!-- tree 7 -->
          <_>
            <!-- root node -->
            <feature>
              <rects>
                <_>
                  13 1 4 10 -1.</_>
                <_>
                  13 1 2 10 2.</_></rects>
              <tilted>1</tilted></feature>
            <threshold>-1.3171000173315406e-003</threshold>
            <left_node>1</left_node>
            <right_val>-7.0088720321655273e-001</right_val></_>
          <_>
            <!-- node 1 -->
            <feature>
              <rects>
                <_>
                  12 7 2 10 -1.</_>
                <_>
                  12 7 2 5 2.</_></rects>
              <tilted>1</tilted></feature>
            <threshold>1.0129069909453392e-002</threshold>
            <left_val>6.0936927795410156e-001</left_val>
            <right_val>-9.5784842967987061e-001</right_val></_></_>
        <_>
          <!-- tree 8 -->
          <_>
            <!-- root node -->
            <feature>
              <rects>
                <_>
                  1 6 2 11 -1.</_>
                <_>
                  2 6 1 11 2.</_></rects>
              <tilted>0</tilted></feature>
            <threshold>-2.3017649073153734e-003</threshold>
            <left_val>4.1956830024719238e-001</left_val>
            <right_node>1</right_node></_>
          <_>
            <!-- node 1 -->
            <feature>
              <rects>
                <_>
                  2 5 3 6 -1.</_>
                <_>
                  3 5 1 6 3.</_></rects>
              <tilted>0</tilted></feature>
            <threshold>4.4859871268272400e-003</threshold>
            <left_val>-8.9829748868942261e-001</left_val>
            <right_val>5.8359438180923462e-001</right_val></_></_>
        <_>
          <!-- tree 9 -->
          <_>
            <!-- root node -->
            <feature>
              <rects>
                <_>
                  18 4 2 1 -1.</_>
                <_>
                  19 4 1 1 2.</_></rects>
              <tilted>0</tilted></feature>
            <threshold>9.6589370514266193e-005</threshold>
            <left_node>1</left_node>
            <right_val>3.0583730340003967e-001</right_val></_>
          <_>
            <!-- node 1 -->
            <feature>
              <rects>
                <_>
                  16 12 4 2 -1.</_>
                <_>
                  17 12 2 2 2.</_></rects>
              <tilted>0</tilted></feature>
            <threshold>-7.5696231797337532e-003</threshold>
            <left_val>8.4811502695083618e-001</left_val>
            <right_val>-8.0426692962646484e-001</right_val></_></_>
        <_>
          <!-- tree 10 -->
          <_>
            <!-- root node -->
            <feature>
              <rects>
                <_>
                  8 5 3 4 -1.</_>
                <_>
                  9 5 1 4 3.</_></rects>
              <tilted>0</tilted></feature>
            <threshold>5.9972028248012066e-003</threshold>
            <left_node>1</left_node>
            <right_val>6.7728942632675171e-001</right_val></_>
          <_>
            <!-- node 1 -->
            <feature>
              <rects>
                <_>
                  6 1 3 15 -1.</_>
                <_>
                  7 6 1 5 9.</_></rects>
              <tilted>0</tilted></feature>
            <threshold>2.7960389852523804e-002</threshold>
            <left_val>-6.5531158447265625e-001</left_val>
            <right_val>5.2915072441101074e-001</right_val></_></_>
        <_>
          <!-- tree 11 -->
          <_>
            <!-- root node -->
            <feature>
              <rects>
                <_>
                  12 0 8 19 -1.</_>
                <_>
                  16 0 4 19 2.</_></rects>
              <tilted>0</tilted></feature>
            <threshold>1.0068819671869278e-001</threshold>
            <left_val>-9.0510547161102295e-001</left_val>
            <right_node>1</right_node></_>
          <_>
            <!-- node 1 -->
            <feature>
              <rects>
                <_>
                  0 0 9 18 -1.</_>
                <_>
                  0 6 9 6 3.</_></rects>
              <tilted>0</tilted></feature>
            <threshold>-1.3593779876828194e-002</threshold>
            <left_val>4.7082710266113281e-001</left_val>
            <right_val>-8.6754322052001953e-001</right_val></_></_>
        <_>
          <!-- tree 12 -->
          <_>
            <!-- root node -->
            <feature>
              <rects>
                <_>
                  7 2 5 16 -1.</_>
                <_>
                  7 10 5 8 2.</_></rects>
              <tilted>0</tilted></feature>
            <threshold>4.1386592201888561e-003</threshold>
            <left_node>1</left_node>
            <right_val>3.7525629997253418e-001</right_val></_>
          <_>
            <!-- node 1 -->
            <feature>
              <rects>
                <_>
                  6 1 8 4 -1.</_>
                <_>
                  6 1 4 2 2.</_>
                <_>
                  10 3 4 2 2.</_></rects>
              <tilted>0</tilted></feature>
            <threshold>4.4159390963613987e-003</threshold>
            <left_val>-8.9145201444625854e-001</left_val>
            <right_val>3.3699101209640503e-001</right_val></_></_>
        <_>
          <!-- tree 13 -->
          <_>
            <!-- root node -->
            <feature>
              <rects>
                <_>
                  15 3 3 4 -1.</_>
                <_>
                  16 3 1 4 3.</_></rects>
              <tilted>0</tilted></feature>
            <threshold>1.1704630014719442e-004</threshold>
            <left_node>1</left_node>
            <right_val>3.1077799201011658e-001</right_val></_>
          <_>
            <!-- node 1 -->
            <feature>
              <rects>
                <_>
                  13 5 3 4 -1.</_>
                <_>
                  14 5 1 4 3.</_></rects>
              <tilted>0</tilted></feature>
            <threshold>5.5624791420996189e-003</threshold>
            <left_val>-8.1615281105041504e-001</left_val>
            <right_val>5.3901451826095581e-001</right_val></_></_>
        <_>
          <!-- tree 14 -->
          <_>
            <!-- root node -->
            <feature>
              <rects>
                <_>
                  14 9 6 5 -1.</_>
                <_>
                  17 9 3 5 2.</_></rects>
              <tilted>0</tilted></feature>
            <threshold>3.4512840211391449e-002</threshold>
            <left_node>1</left_node>
            <right_val>2.6539298892021179e-001</right_val></_>
          <_>
            <!-- node 1 -->
            <feature>
              <rects>
                <_>
                  8 5 4 3 -1.</_>
                <_>
                  9 5 2 3 2.</_></rects>
              <tilted>0</tilted></feature>
            <threshold>9.8612513393163681e-003</threshold>
            <left_val>-7.9879987239837646e-001</left_val>
            <right_val>7.1010297536849976e-001</right_val></_></_>
        <_>
          <!-- tree 15 -->
          <_>
            <!-- root node -->
            <feature>
              <rects>
                <_>
                  7 2 6 3 -1.</_>
                <_>
                  9 2 2 3 3.</_></rects>
              <tilted>0</tilted></feature>
            <threshold>-1.7420940101146698e-002</threshold>
            <left_val>7.8878182172775269e-001</left_val>
            <right_node>1</right_node></_>
          <_>
            <!-- node 1 -->
            <feature>
              <rects>
                <_>
                  8 1 4 6 -1.</_>
                <_>
                  9 1 2 6 2.</_></rects>
              <tilted>0</tilted></feature>
            <threshold>9.4648143276572227e-003</threshold>
            <left_val>-8.6975818872451782e-001</left_val>
            <right_val>6.4330947399139404e-001</right_val></_></_>
        <_>
          <!-- tree 16 -->
          <_>
            <!-- root node -->
            <feature>
              <rects>
                <_>
                  4 3 16 9 -1.</_>
                <_>
                  12 3 8 9 2.</_></rects>
              <tilted>0</tilted></feature>
            <threshold>1.5069990418851376e-002</threshold>
            <left_node>1</left_node>
            <right_val>3.4470221400260925e-001</right_val></_>
          <_>
            <!-- node 1 -->
            <feature>
              <rects>
                <_>
                  6 3 4 8 -1.</_>
                <_>
                  6 3 2 4 2.</_>
                <_>
                  8 7 2 4 2.</_></rects>
              <tilted>0</tilted></feature>
            <threshold>2.7276139706373215e-002</threshold>
            <left_val>-8.8079357147216797e-001</left_val>
            <right_val>7.6766937971115112e-001</right_val></_></_>
        <_>
          <!-- tree 17 -->
          <_>
            <!-- root node -->
            <feature>
              <rects>
                <_>
                  1 1 4 19 -1.</_>
                <_>
                  3 1 2 19 2.</_></rects>
              <tilted>0</tilted></feature>
            <threshold>-1.2894829735159874e-002</threshold>
            <left_val>3.7631559371948242e-001</left_val>
            <right_node>1</right_node></_>
          <_>
            <!-- node 1 -->
            <feature>
              <rects>
                <_>
                  1 11 4 2 -1.</_>
                <_>
                  2 11 2 2 2.</_></rects>
              <tilted>0</tilted></feature>
            <threshold>-5.7455319911241531e-003</threshold>
            <left_val>8.3922427892684937e-001</left_val>
            <right_val>-9.8424279689788818e-001</right_val></_></_></trees>
      <stage_threshold>1.5381850004196167e+000</stage_threshold>
      <parent>0</parent>
      <next>-1</next></_>
    <_>
      <!-- stage 2 -->
      <trees>
        <_>
          <!-- tree 0 -->
          <_>
            <!-- root node -->
            <feature>
              <rects>
                <_>
                  0 0 11 15 -1.</_>
                <_>
                  0 5 11 5 3.</_></rects>
              <tilted>0</tilted></feature>
            <threshold>-2.5208670645952225e-002</threshold>
            <left_node>1</left_node>
            <right_val>-7.3783451318740845e-001</right_val></_>
          <_>
            <!-- node 1 -->
            <feature>
              <rects>
                <_>
                  0 1 1 18 -1.</_>
                <_>
                  0 10 1 9 2.</_></rects>
              <tilted>0</tilted></feature>
            <threshold>-3.5002389922738075e-003</threshold>
            <left_val>6.0456407070159912e-001</left_val>
            <right_val>-5.2267402410507202e-001</right_val></_></_>
        <_>
          <!-- tree 1 -->
          <_>
            <!-- root node -->
            <feature>
              <rects>
                <_>
                  4 5 8 15 -1.</_>
                <_>
                  8 5 4 15 2.</_></rects>
              <tilted>0</tilted></feature>
            <threshold>3.2608121633529663e-002</threshold>
            <left_node>1</left_node>
            <right_val>-8.9341151714324951e-001</right_val></_>
          <_>
            <!-- node 1 -->
            <feature>
              <rects>
                <_>
                  2 9 10 11 -1.</_>
                <_>
                  7 9 5 11 2.</_></rects>
              <tilted>0</tilted></feature>
            <threshold>-5.2253220230340958e-002</threshold>
            <left_val>-9.2110282182693481e-001</left_val>
            <right_val>5.5714380741119385e-001</right_val></_></_>
        <_>
          <!-- tree 2 -->
          <_>
            <!-- root node -->
            <feature>
              <rects>
                <_>
                  7 17 3 2 -1.</_>
                <_>
                  8 17 1 2 3.</_></rects>
              <tilted>0</tilted></feature>
            <threshold>2.2503470536321402e-003</threshold>
            <left_node>1</left_node>
            <right_val>-8.8232368230819702e-001</right_val></_>
          <_>
            <!-- node 1 -->
            <feature>
              <rects>
                <_>
                  4 16 10 3 -1.</_>
                <_>
                  9 16 5 3 2.</_></rects>
              <tilted>0</tilted></feature>
            <threshold>1.1138039641082287e-002</threshold>
            <left_val>4.5365229249000549e-001</left_val>
            <right_val>-8.7354677915573120e-001</right_val></_></_>
        <_>
          <!-- tree 3 -->
          <_>
            <!-- root node -->
            <feature>
              <rects>
                <_>
                  5 16 6 2 -1.</_>
                <_>
                  8 16 3 2 2.</_></rects>
              <tilted>0</tilted></feature>
            <threshold>-5.7771787978708744e-003</threshold>
            <left_val>-8.0953860282897949e-001</left_val>
            <right_node>1</right_node></_>
          <_>
            <!-- node 1 -->
            <feature>
              <rects>
                <_>
                  2 16 9 3 -1.</_>
                <_>
                  5 17 3 1 9.</_></rects>
              <tilted>0</tilted></feature>
            <threshold>-1.3786350376904011e-002</threshold>
            <left_val>-6.6583162546157837e-001</left_val>
            <right_val>4.9925059080123901e-001</right_val></_></_>
        <_>
          <!-- tree 4 -->
          <_>
            <!-- root node -->
            <feature>
              <rects>
                <_>
                  19 0 1 4 -1.</_>
                <_>
                  19 2 1 2 2.</_></rects>
              <tilted>0</tilted></feature>
            <threshold>8.4821821656078100e-004</threshold>
            <left_node>1</left_node>
            <right_val>-7.2904092073440552e-001</right_val></_>
          <_>
            <!-- node 1 -->
            <feature>
              <rects>
                <_>
                  6 4 8 13 -1.</_>
                <_>
                  10 4 4 13 2.</_></rects>
              <tilted>0</tilted></feature>
            <threshold>-6.0129031538963318e-002</threshold>
            <left_val>-9.4193089008331299e-001</left_val>
            <right_val>4.8614209890365601e-001</right_val></_></_>
        <_>
          <!-- tree 5 -->
          <_>
            <!-- root node -->
            <feature>
              <rects>
                <_>
                  11 4 4 4 -1.</_>
                <_>
                  12 4 2 4 2.</_></rects>
              <tilted>0</tilted></feature>
            <threshold>6.3089472241699696e-003</threshold>
            <left_node>1</left_node>
            <right_val>5.6043982505798340e-001</right_val></_>
          <_>
            <!-- node 1 -->
            <feature>
              <rects>
                <_>
                  5 6 3 3 -1.</_>
                <_>
                  6 6 1 3 3.</_></rects>
              <tilted>0</tilted></feature>
            <threshold>4.8291720449924469e-003</threshold>
            <left_val>-6.1950987577438354e-001</left_val>
            <right_val>3.2476270198822021e-001</right_val></_></_>
        <_>
          <!-- tree 6 -->
          <_>
            <!-- root node -->
            <feature>
              <rects>
                <_>
                  9 2 7 9 -1.</_>
                <_>
                  6 5 7 3 3.</_></rects>
              <tilted>1</tilted></feature>
            <threshold>-7.1375720202922821e-002</threshold>
            <left_val>-9.0404188632965088e-001</left_val>
            <right_node>1</right_node></_>
          <_>
            <!-- node 1 -->
            <feature>
              <rects>
                <_>
                  3 19 6 1 -1.</_>
                <_>
                  6 19 3 1 2.</_></rects>
              <tilted>0</tilted></feature>
            <threshold>3.4400189761072397e-003</threshold>
            <left_val>3.8457119464874268e-001</left_val>
            <right_val>-8.8946622610092163e-001</right_val></_></_>
        <_>
          <!-- tree 7 -->
          <_>
            <!-- root node -->
            <feature>
              <rects>
                <_>
                  3 19 9 1 -1.</_>
                <_>
                  6 19 3 1 3.</_></rects>
              <tilted>0</tilted></feature>
            <threshold>-4.9882400780916214e-003</threshold>
            <left_val>-8.6565148830413818e-001</left_val>
            <right_node>1</right_node></_>
          <_>
            <!-- node 1 -->
            <feature>
              <rects>
                <_>
                  5 11 5 4 -1.</_>
                <_>
                  5 11 5 2 2.</_></rects>
              <tilted>1</tilted></feature>
            <threshold>1.0913630016148090e-002</threshold>
            <left_val>4.5251420140266418e-001</left_val>
            <right_val>-6.9369602203369141e-001</right_val></_></_>
        <_>
          <!-- tree 8 -->
          <_>
            <!-- root node -->
            <feature>
              <rects>
                <_>
                  7 5 3 2 -1.</_>
                <_>
                  8 5 1 2 3.</_></rects>
              <tilted>0</tilted></feature>
            <threshold>2.4461629800498486e-003</threshold>
            <left_node>1</left_node>
            <right_val>5.2243071794509888e-001</right_val></_>
          <_>
            <!-- node 1 -->
            <feature>
              <rects>
                <_>
                  14 0 1 12 -1.</_>
                <_>
                  14 6 1 6 2.</_></rects>
              <tilted>0</tilted></feature>
            <threshold>-3.0945599079132080e-002</threshold>
            <left_val>8.5188317298889160e-001</left_val>
            <right_val>-5.3872317075729370e-001</right_val></_></_>
        <_>
          <!-- tree 9 -->
          <_>
            <!-- root node -->
            <feature>
              <rects>
                <_>
                  2 13 8 4 -1.</_>
                <_>
                  6 13 4 4 2.</_></rects>
              <tilted>0</tilted></feature>
            <threshold>-1.4446619898080826e-002</threshold>
            <left_val>-8.6957198381423950e-001</left_val>
            <right_node>1</right_node></_>
          <_>
            <!-- node 1 -->
            <feature>
              <rects>
                <_>
                  3 13 8 5 -1.</_>
                <_>
                  7 13 4 5 2.</_></rects>
              <tilted>0</tilted></feature>
            <threshold>1.5233219601213932e-002</threshold>
            <left_val>4.5263200998306274e-001</left_val>
            <right_val>-8.1135600805282593e-001</right_val></_></_>
        <_>
          <!-- tree 10 -->
          <_>
            <!-- root node -->
            <feature>
              <rects>
                <_>
                  4 19 12 1 -1.</_>
                <_>
                  8 19 4 1 3.</_></rects>
              <tilted>0</tilted></feature>
            <threshold>-2.5891559198498726e-003</threshold>
            <left_val>-5.7905787229537964e-001</left_val>
            <right_node>1</right_node></_>
          <_>
            <!-- node 1 -->
            <feature>
              <rects>
                <_>
                  7 19 2 1 -1.</_>
                <_>
                  8 19 1 1 2.</_></rects>
              <tilted>0</tilted></feature>
            <threshold>1.0837919544428587e-003</threshold>
            <left_val>5.3870928287506104e-001</left_val>
            <right_val>-9.7009569406509399e-001</right_val></_></_>
        <_>
          <!-- tree 11 -->
          <_>
            <!-- root node -->
            <feature>
              <rects>
                <_>
                  4 5 8 6 -1.</_>
                <_>
                  8 5 4 6 2.</_></rects>
              <tilted>0</tilted></feature>
            <threshold>1.7036350443959236e-002</threshold>
            <left_node>1</left_node>
            <right_val>-8.4595912694931030e-001</right_val></_>
          <_>
            <!-- node 1 -->
            <feature>
              <rects>
                <_>
                  6 4 10 5 -1.</_>
                <_>
                  11 4 5 5 2.</_></rects>
              <tilted>0</tilted></feature>
            <threshold>-2.2440670058131218e-002</threshold>
            <left_val>-9.3406337499618530e-001</left_val>
            <right_val>4.2693048715591431e-001</right_val></_></_></trees>
      <stage_threshold>-1.3793849945068359e-001</stage_threshold>
      <parent>1</parent>
      <next>-1</next></_>
    <_>
      <!-- stage 3 -->
      <trees>
        <_>
          <!-- tree 0 -->
          <_>
            <!-- root node -->
            <feature>
              <rects>
                <_>
                  4 4 12 16 -1.</_>
                <_>
                  8 4 4 16 3.</_></rects>
              <tilted>0</tilted></feature>
            <threshold>-6.7628182470798492e-002</threshold>
            <left_val>-7.4111908674240112e-001</left_val>
            <right_node>1</right_node></_>
          <_>
            <!-- node 1 -->
            <feature>
              <rects>
                <_>
                  7 17 3 3 -1.</_>
                <_>
                  8 18 1 1 9.</_></rects>
              <tilted>0</tilted></feature>
            <threshold>-6.5513071604073048e-003</threshold>
            <left_val>-8.7756520509719849e-001</left_val>
            <right_val>5.7063782215118408e-001</right_val></_></_>
        <_>
          <!-- tree 1 -->
          <_>
            <!-- root node -->
            <feature>
              <rects>
                <_>
                  4 5 4 4 -1.</_>
                <_>
                  5 5 2 4 2.</_></rects>
              <tilted>0</tilted></feature>
            <threshold>-1.0421309620141983e-002</threshold>
            <left_val>7.8666269779205322e-001</left_val>
            <right_node>1</right_node></_>
          <_>
            <!-- node 1 -->
            <feature>
              <rects>
                <_>
                  8 2 3 15 -1.</_>
                <_>
                  9 7 1 5 9.</_></rects>
              <tilted>0</tilted></feature>
            <threshold>3.5120330750942230e-002</threshold>
            <left_val>-5.1232081651687622e-001</left_val>
            <right_val>5.7854127883911133e-001</right_val></_></_>
        <_>
          <!-- tree 2 -->
          <_>
            <!-- root node -->
            <feature>
              <rects>
                <_>
                  3 19 6 1 -1.</_>
                <_>
                  6 19 3 1 2.</_></rects>
              <tilted>0</tilted></feature>
            <threshold>2.3085731081664562e-003</threshold>
            <left_node>1</left_node>
            <right_val>-7.6840782165527344e-001</right_val></_>
          <_>
            <!-- node 1 -->
            <feature>
              <rects>
                <_>
                  10 5 6 6 -1.</_>
                <_>
                  10 5 3 6 2.</_></rects>
              <tilted>1</tilted></feature>
            <threshold>-3.6485549062490463e-002</threshold>
            <left_val>-5.9415107965469360e-001</left_val>
            <right_val>4.8120400309562683e-001</right_val></_></_>
        <_>
          <!-- tree 3 -->
          <_>
            <!-- root node -->
            <feature>
              <rects>
                <_>
                  10 7 4 4 -1.</_>
                <_>
                  11 7 2 4 2.</_></rects>
              <tilted>0</tilted></feature>
            <threshold>3.8993770722299814e-003</threshold>
            <left_node>1</left_node>
            <right_val>4.4938841462135315e-001</right_val></_>
          <_>
            <!-- node 1 -->
            <feature>
              <rects>
                <_>
                  12 12 4 6 -1.</_>
                <_>
                  14 12 2 6 2.</_></rects>
              <tilted>0</tilted></feature>
            <threshold>-1.7095550894737244e-002</threshold>
            <left_val>5.8982378244400024e-001</left_val>
            <right_val>-6.3544249534606934e-001</right_val></_></_>
        <_>
          <!-- tree 4 -->
          <_>
            <!-- root node -->
            <feature>
              <rects>
                <_>
                  8 16 2 2 -1.</_>
                <_>
                  8 16 2 1 2.</_></rects>
              <tilted>1</tilted></feature>
            <threshold>-2.6509580202400684e-003</threshold>
            <left_val>-7.4674302339553833e-001</left_val>
            <right_node>1</right_node></_>
          <_>
            <!-- node 1 -->
            <feature>
              <rects>
                <_>
                  16 0 4 1 -1.</_>
                <_>
                  18 0 2 1 2.</_></rects>
              <tilted>0</tilted></feature>
            <threshold>-1.0701370192691684e-003</threshold>
            <left_val>-7.6775008440017700e-001</left_val>
            <right_val>4.3917599320411682e-001</right_val></_></_>
        <_>
          <!-- tree 5 -->
          <_>
            <!-- root node -->
            <feature>
              <rects>
                <_>
                  9 8 4 2 -1.</_>
                <_>
                  10 8 2 2 2.</_></rects>
              <tilted>0</tilted></feature>
            <threshold>4.8490660265088081e-003</threshold>
            <left_node>1</left_node>
            <right_val>6.1948227882385254e-001</right_val></_>
          <_>
            <!-- node 1 -->
            <feature>
              <rects>
                <_>
                  3 8 6 3 -1.</_>
                <_>
                  5 8 2 3 3.</_></rects>
              <tilted>0</tilted></feature>
            <threshold>-2.1174849942326546e-002</threshold>
            <left_val>6.9238477945327759e-001</left_val>
            <right_val>-5.7607620954513550e-001</right_val></_></_>
        <_>
          <!-- tree 6 -->
          <_>
            <!-- root node -->
            <feature>
              <rects>
                <_>
                  12 2 6 18 -1.</_>
                <_>
                  12 2 3 9 2.</_>
                <_>
                  15 11 3 9 2.</_></rects>
              <tilted>0</tilted></feature>
            <threshold>-9.1728113591670990e-002</threshold>
            <left_val>7.8373330831527710e-001</left_val>
            <right_node>1</right_node></_>
          <_>
            <!-- node 1 -->
            <feature>
              <rects>
                <_>
                  8 4 12 14 -1.</_>
                <_>
                  8 4 6 7 2.</_>
                <_>
                  14 11 6 7 2.</_></rects>
              <tilted>0</tilted></feature>
            <threshold>6.3391521573066711e-002</threshold>
            <left_val>-4.9195569753646851e-001</left_val>
            <right_val>6.5842992067337036e-001</right_val></_></_>
        <_>
          <!-- tree 7 -->
          <_>
            <!-- root node -->
            <feature>
              <rects>
                <_>
                  0 0 11 12 -1.</_>
                <_>
                  0 4 11 4 3.</_></rects>
              <tilted>0</tilted></feature>
            <threshold>-2.4108730256557465e-002</threshold>
            <left_node>1</left_node>
            <right_val>-6.2276291847229004e-001</right_val></_>
          <_>
            <!-- node 1 -->
            <feature>
              <rects>
                <_>
                  0 5 14 10 -1.</_>
                <_>
                  0 10 14 5 2.</_></rects>
              <tilted>0</tilted></feature>
            <threshold>5.2185848355293274e-002</threshold>
            <left_val>5.4080730676651001e-001</left_val>
            <right_val>-6.3984328508377075e-001</right_val></_></_>
        <_>
          <!-- tree 8 -->
          <_>
            <!-- root node -->
            <feature>
              <rects>
                <_>
                  8 5 3 2 -1.</_>
                <_>
                  9 5 1 2 3.</_></rects>
              <tilted>0</tilted></feature>
            <threshold>3.9632301777601242e-003</threshold>
            <left_node>1</left_node>
            <right_val>6.6911828517913818e-001</right_val></_>
          <_>
            <!-- node 1 -->
            <feature>
              <rects>
                <_>
                  7 4 3 3 -1.</_>
                <_>
                  8 5 1 1 9.</_></rects>
              <tilted>0</tilted></feature>
            <threshold>3.7253440823405981e-003</threshold>
            <left_val>-6.4084410667419434e-001</left_val>
            <right_val>4.2938518524169922e-001</right_val></_></_>
        <_>
          <!-- tree 9 -->
          <_>
            <!-- root node -->
            <feature>
              <rects>
                <_>
                  19 0 1 4 -1.</_>
                <_>
                  19 1 1 2 2.</_></rects>
              <tilted>0</tilted></feature>
            <threshold>4.5805040281265974e-004</threshold>
            <left_node>1</left_node>
            <right_val>-7.0981818437576294e-001</right_val></_>
          <_>
            <!-- node 1 -->
            <feature>
              <rects>
                <_>
                  19 0 1 4 -1.</_>
                <_>
                  19 1 1 2 2.</_></rects>
              <tilted>0</tilted></feature>
            <threshold>-4.3362649739719927e-004</threshold>
            <left_val>-4.2568281292915344e-001</left_val>
            <right_val>6.4837968349456787e-001</right_val></_></_>
        <_>
          <!-- tree 10 -->
          <_>
            <!-- root node -->
            <feature>
              <rects>
                <_>
                  3 5 2 7 -1.</_>
                <_>
                  4 5 1 7 2.</_></rects>
              <tilted>0</tilted></feature>
            <threshold>-8.8344682008028030e-003</threshold>
            <left_val>5.6010240316390991e-001</left_val>
            <right_node>1</right_node></_>
          <_>
            <!-- node 1 -->
            <feature>
              <rects>
                <_>
                  7 0 6 7 -1.</_>
                <_>
                  7 0 3 7 2.</_></rects>
              <tilted>1</tilted></feature>
            <threshold>1.0024249553680420e-002</threshold>
            <left_val>4.0823331475257874e-001</left_val>
            <right_val>-6.0941112041473389e-001</right_val></_></_>
        <_>
          <!-- tree 11 -->
          <_>
            <!-- root node -->
            <feature>
              <rects>
                <_>
                  0 18 4 2 -1.</_>
                <_>
                  2 18 2 2 2.</_></rects>
              <tilted>0</tilted></feature>
            <threshold>-2.7991709066554904e-004</threshold>
            <left_val>-4.4562909007072449e-001</left_val>
            <right_node>1</right_node></_>
          <_>
            <!-- node 1 -->
            <feature>
              <rects>
                <_>
                  8 8 12 8 -1.</_>
                <_>
                  12 8 4 8 3.</_></rects>
              <tilted>0</tilted></feature>
            <threshold>-4.0251381695270538e-002</threshold>
            <left_val>6.8400329351425171e-001</left_val>
            <right_val>-5.5093038082122803e-001</right_val></_></_>
        <_>
          <!-- tree 12 -->
          <_>
            <!-- root node -->
            <feature>
              <rects>
                <_>
                  0 14 1 3 -1.</_>
                <_>
                  0 15 1 1 3.</_></rects>
              <tilted>0</tilted></feature>
            <threshold>1.1060229735448956e-003</threshold>
            <left_node>1</left_node>
            <right_val>-8.7556070089340210e-001</right_val></_>
          <_>
            <!-- node 1 -->
            <feature>
              <rects>
                <_>
                  5 18 6 1 -1.</_>
                <_>
                  8 18 3 1 2.</_></rects>
              <tilted>0</tilted></feature>
            <threshold>-2.9391210991889238e-003</threshold>
            <left_val>-6.4071631431579590e-001</left_val>
            <right_val>4.2237558960914612e-001</right_val></_></_>
        <_>
          <!-- tree 13 -->
          <_>
            <!-- root node -->
            <feature>
              <rects>
                <_>
                  14 11 2 2 -1.</_>
                <_>
                  14 11 1 2 2.</_></rects>
              <tilted>1</tilted></feature>
            <threshold>5.3266989998519421e-003</threshold>
            <left_node>1</left_node>
            <right_val>6.7434668540954590e-001</right_val></_>
          <_>
            <!-- node 1 -->
            <feature>
              <rects>
                <_>
                  13 11 3 4 -1.</_>
                <_>
                  14 11 1 4 3.</_></rects>
              <tilted>0</tilted></feature>
            <threshold>1.9711100321728736e-004</threshold>
            <left_val>-7.0805662870407104e-001</left_val>
            <right_val>2.7415850758552551e-001</right_val></_></_></trees>
      <stage_threshold>-1.4657120406627655e-001</stage_threshold>
      <parent>2</parent>
      <next>-1</next></_>
    <_>
      <!-- stage 4 -->
      <trees>
        <_>
          <!-- tree 0 -->
          <_>
            <!-- root node -->
            <feature>
              <rects>
                <_>
                  10 4 7 10 -1.</_>
                <_>
                  10 9 7 5 2.</_></rects>
              <tilted>0</tilted></feature>
            <threshold>6.1874971725046635e-003</threshold>
            <left_node>1</left_node>
            <right_val>1.0000289678573608e+000</right_val></_>
          <_>
            <!-- node 1 -->
            <feature>
              <rects>
                <_>
                  8 5 12 12 -1.</_>
                <_>
                  8 5 6 6 2.</_>
                <_>
                  14 11 6 6 2.</_></rects>
              <tilted>0</tilted></feature>
            <threshold>-1.6684630513191223e-001</threshold>
            <left_val>1.</left_val>
            <right_val>-6.4018201828002930e-001</right_val></_></_>
        <_>
          <!-- tree 1 -->
          <_>
            <!-- root node -->
            <feature>
              <rects>
                <_>
                  10 3 4 12 -1.</_>
                <_>
                  10 9 4 6 2.</_></rects>
              <tilted>0</tilted></feature>
            <threshold>-4.3528191745281219e-003</threshold>
            <left_val>-4.7489950060844421e-001</left_val>
            <right_node>1</right_node></_>
          <_>
            <!-- node 1 -->
            <feature>
              <rects>
                <_>
                  11 17 1 2 -1.</_>
                <_>
                  11 17 1 1 2.</_></rects>
              <tilted>1</tilted></feature>
            <threshold>2.4391049519181252e-003</threshold>
            <left_val>9.2672532796859741e-001</left_val>
            <right_val>-9.3789821863174438e-001</right_val></_></_>
        <_>
          <!-- tree 2 -->
          <_>
            <!-- root node -->
            <feature>
              <rects>
                <_>
                  3 5 2 3 -1.</_>
                <_>
                  2 6 2 1 3.</_></rects>
              <tilted>1</tilted></feature>
            <threshold>-6.1387829482555389e-003</threshold>
            <left_val>-7.3620361089706421e-001</left_val>
            <right_node>1</right_node></_>
          <_>
            <!-- node 1 -->
            <feature>
              <rects>
                <_>
                  14 3 2 3 -1.</_>
                <_>
                  14 4 2 1 3.</_></rects>
              <tilted>0</tilted></feature>
            <threshold>2.7482500299811363e-003</threshold>
            <left_val>8.0812031030654907e-001</left_val>
            <right_val>-7.5801301002502441e-001</right_val></_></_>
        <_>
          <!-- tree 3 -->
          <_>
            <!-- root node -->
            <feature>
              <rects>
                <_>
                  2 6 3 3 -1.</_>
                <_>
                  2 7 3 1 3.</_></rects>
              <tilted>0</tilted></feature>
            <threshold>-6.8063312210142612e-004</threshold>
            <left_val>-4.8606950044631958e-001</left_val>
            <right_node>1</right_node></_>
          <_>
            <!-- node 1 -->
            <feature>
              <rects>
                <_>
                  7 18 3 2 -1.</_>
                <_>
                  8 18 1 2 3.</_></rects>
              <tilted>0</tilted></feature>
            <threshold>-3.4882400650531054e-003</threshold>
            <left_val>-9.6335417032241821e-001</left_val>
            <right_val>9.3141609430313110e-001</right_val></_></_>
        <_>
          <!-- tree 4 -->
          <_>
            <!-- root node -->
            <feature>
              <rects>
                <_>
                  6 9 3 1 -1.</_>
                <_>
                  7 10 1 1 3.</_></rects>
              <tilted>1</tilted></feature>
            <threshold>3.7412709207274020e-004</threshold>
            <left_node>1</left_node>
            <right_val>7.7949160337448120e-001</right_val></_>
          <_>
            <!-- node 1 -->
            <feature>
              <rects>
                <_>
                  1 12 6 2 -1.</_>
                <_>
                  3 12 2 2 3.</_></rects>
              <tilted>0</tilted></feature>
            <threshold>-2.1708080021198839e-004</threshold>
            <left_val>-7.3272567987442017e-001</left_val>
            <right_val>7.3104548454284668e-001</right_val></_></_></trees>
      <stage_threshold>-6.0141628980636597e-001</stage_threshold>
      <parent>3</parent>
      <next>-1</next></_></stages></CP04_3>
</opencv_storage>
